message;severity;node;stamp;location
"Oh no! I hit the wall! (Clamping from [x=11.120889, y=5.544445])";"30";"turtlesim3.sim";"1757953821.093676215";"/home/mergen/ros2_ws/src/ros_tutorials/turtlesim/src/turtle.cpp:update:288"
"Oh no! I hit the wall! (Clamping from [x=11.120889, y=5.544445])";"30";"turtlesim2.sim";"1757953821.086102808";"/home/mergen/ros2_ws/src/ros_tutorials/turtlesim/src/turtle.cpp:update:288"
"Oh no! I hit the wall! (Clamping from [x=11.120889, y=5.544445])";"30";"turtlesim3.sim";"1757953821.077060376";"/home/mergen/ros2_ws/src/ros_tutorials/turtlesim/src/turtle.cpp:update:288"
"Oh no! I hit the wall! (Clamping from [x=11.120889, y=5.544445])";"30";"turtlesim2.sim";"1757953821.070481039";"/home/mergen/ros2_ws/src/ros_tutorials/turtlesim/src/turtle.cpp:update:288"
"Oh no! I hit the wall! (Clamping from [x=11.120889, y=5.544445])";"30";"turtlesim3.sim";"1757953821.061545538";"/home/mergen/ros2_ws/src/ros_tutorials/turtlesim/src/turtle.cpp:update:288"
"Oh no! I hit the wall! (Clamping from [x=11.120889, y=5.544445])";"30";"turtlesim2.sim";"1757953821.053961436";"/home/mergen/ros2_ws/src/ros_tutorials/turtlesim/src/turtle.cpp:update:288"
"Oh no! I hit the wall! (Clamping from [x=11.120889, y=5.544445])";"30";"turtlesim1.sim";"1757953821.051756594";"/home/mergen/ros2_ws/src/ros_tutorials/turtlesim/src/turtle.cpp:update:288"
"Oh no! I hit the wall! (Clamping from [x=11.120889, y=5.544445])";"30";"turtlesim3.sim";"1757953821.045175336";"/home/mergen/ros2_ws/src/ros_tutorials/turtlesim/src/turtle.cpp:update:288"
"Oh no! I hit the wall! (Clamping from [x=11.120889, y=5.544445])";"30";"turtlesim2.sim";"1757953821.038282661";"/home/mergen/ros2_ws/src/ros_tutorials/turtlesim/src/turtle.cpp:update:288"
"Oh no! I hit the wall! (Clamping from [x=11.120889, y=5.544445])";"30";"turtlesim1.sim";"1757953821.035857384";"/home/mergen/ros2_ws/src/ros_tutorials/turtlesim/src/turtle.cpp:update:288"
"Oh no! I hit the wall! (Clamping from [x=11.120889, y=5.544445])";"30";"turtlesim1.sim";"1757953820.987813890";"/home/mergen/ros2_ws/src/ros_tutorials/turtlesim/src/turtle.cpp:update:288"
"Oh no! I hit the wall! (Clamping from [x=11.120889, y=5.544445])";"30";"turtlesim3.sim";"1757953820.981125725";"/home/mergen/ros2_ws/src/ros_tutorials/turtlesim/src/turtle.cpp:update:288"
"Oh no! I hit the wall! (Clamping from [x=11.120889, y=5.544445])";"30";"turtlesim2.sim";"1757953820.973877591";"/home/mergen/ros2_ws/src/ros_tutorials/turtlesim/src/turtle.cpp:update:288"
"Oh no! I hit the wall! (Clamping from [x=11.120889, y=5.544445])";"30";"turtlesim1.sim";"1757953820.971858288";"/home/mergen/ros2_ws/src/ros_tutorials/turtlesim/src/turtle.cpp:update:288"
"Oh no! I hit the wall! (Clamping from [x=11.120889, y=5.544445])";"30";"turtlesim3.sim";"1757953820.965616360";"/home/mergen/ros2_ws/src/ros_tutorials/turtlesim/src/turtle.cpp:update:288"
"Oh no! I hit the wall! (Clamping from [x=11.120889, y=5.544445])";"30";"turtlesim2.sim";"1757953820.958244442";"/home/mergen/ros2_ws/src/ros_tutorials/turtlesim/src/turtle.cpp:update:288"
"Oh no! I hit the wall! (Clamping from [x=11.120889, y=5.544445])";"30";"turtlesim2.sim";"1757953820.942455292";"/home/mergen/ros2_ws/src/ros_tutorials/turtlesim/src/turtle.cpp:update:288"
"Oh no! I hit the wall! (Clamping from [x=11.120889, y=5.544445])";"30";"turtlesim3.sim";"1757953820.901423402";"/home/mergen/ros2_ws/src/ros_tutorials/turtlesim/src/turtle.cpp:update:288"
"Oh no! I hit the wall! (Clamping from [x=11.120889, y=5.544445])";"30";"turtlesim2.sim";"1757953820.893649543";"/home/mergen/ros2_ws/src/ros_tutorials/turtlesim/src/turtle.cpp:update:288"
"Oh no! I hit the wall! (Clamping from [x=11.120889, y=5.544445])";"30";"turtlesim2.sim";"1757953820.846026914";"/home/mergen/ros2_ws/src/ros_tutorials/turtlesim/src/turtle.cpp:update:288"
"Oh no! I hit the wall! (Clamping from [x=11.120889, y=5.544445])";"30";"turtlesim2.sim";"1757953820.798226483";"/home/mergen/ros2_ws/src/ros_tutorials/turtlesim/src/turtle.cpp:update:288"
"Oh no! I hit the wall! (Clamping from [x=11.120889, y=5.544445])";"30";"turtlesim1.sim";"1757953820.795174502";"/home/mergen/ros2_ws/src/ros_tutorials/turtlesim/src/turtle.cpp:update:288"
"Oh no! I hit the wall! (Clamping from [x=11.120889, y=5.544445])";"30";"turtlesim3.sim";"1757953820.788971385";"/home/mergen/ros2_ws/src/ros_tutorials/turtlesim/src/turtle.cpp:update:288"
"Oh no! I hit the wall! (Clamping from [x=11.120889, y=5.544445])";"30";"turtlesim2.sim";"1757953820.782586915";"/home/mergen/ros2_ws/src/ros_tutorials/turtlesim/src/turtle.cpp:update:288"
"Oh no! I hit the wall! (Clamping from [x=11.120889, y=5.544445])";"30";"turtlesim1.sim";"1757953820.779502606";"/home/mergen/ros2_ws/src/ros_tutorials/turtlesim/src/turtle.cpp:update:288"
"Oh no! I hit the wall! (Clamping from [x=11.120889, y=5.544445])";"30";"turtlesim3.sim";"1757953820.773509302";"/home/mergen/ros2_ws/src/ros_tutorials/turtlesim/src/turtle.cpp:update:288"
"Oh no! I hit the wall! (Clamping from [x=11.120889, y=5.544445])";"30";"turtlesim2.sim";"1757953820.765954119";"/home/mergen/ros2_ws/src/ros_tutorials/turtlesim/src/turtle.cpp:update:288"
"Oh no! I hit the wall! (Clamping from [x=11.120889, y=5.544445])";"30";"turtlesim1.sim";"1757953820.763754435";"/home/mergen/ros2_ws/src/ros_tutorials/turtlesim/src/turtle.cpp:update:288"
"Oh no! I hit the wall! (Clamping from [x=11.120889, y=5.544445])";"30";"turtlesim3.sim";"1757953820.757958094";"/home/mergen/ros2_ws/src/ros_tutorials/turtlesim/src/turtle.cpp:update:288"
"Oh no! I hit the wall! (Clamping from [x=11.120889, y=5.544445])";"30";"turtlesim2.sim";"1757953820.750375845";"/home/mergen/ros2_ws/src/ros_tutorials/turtlesim/src/turtle.cpp:update:288"
"Oh no! I hit the wall! (Clamping from [x=11.120889, y=5.544445])";"30";"turtlesim1.sim";"1757953820.747875379";"/home/mergen/ros2_ws/src/ros_tutorials/turtlesim/src/turtle.cpp:update:288"
"Oh no! I hit the wall! (Clamping from [x=11.120889, y=5.544445])";"30";"turtlesim3.sim";"1757953820.741205242";"/home/mergen/ros2_ws/src/ros_tutorials/turtlesim/src/turtle.cpp:update:288"
"Oh no! I hit the wall! (Clamping from [x=11.120889, y=5.544445])";"30";"turtlesim2.sim";"1757953820.733834447";"/home/mergen/ros2_ws/src/ros_tutorials/turtlesim/src/turtle.cpp:update:288"
"Oh no! I hit the wall! (Clamping from [x=11.120889, y=5.544445])";"30";"turtlesim1.sim";"1757953820.731796853";"/home/mergen/ros2_ws/src/ros_tutorials/turtlesim/src/turtle.cpp:update:288"
"Oh no! I hit the wall! (Clamping from [x=11.120889, y=5.544445])";"30";"turtlesim3.sim";"1757953820.725642776";"/home/mergen/ros2_ws/src/ros_tutorials/turtlesim/src/turtle.cpp:update:288"
"Oh no! I hit the wall! (Clamping from [x=11.120889, y=5.544445])";"30";"turtlesim3.sim";"1757953820.693689116";"/home/mergen/ros2_ws/src/ros_tutorials/turtlesim/src/turtle.cpp:update:288"
"Oh no! I hit the wall! (Clamping from [x=11.120889, y=5.544445])";"30";"turtlesim2.sim";"1757953820.686198094";"/home/mergen/ros2_ws/src/ros_tutorials/turtlesim/src/turtle.cpp:update:288"
"Oh no! I hit the wall! (Clamping from [x=11.120889, y=5.544445])";"30";"turtlesim1.sim";"1757953820.556027448";"/home/mergen/ros2_ws/src/ros_tutorials/turtlesim/src/turtle.cpp:update:288"
"Oh no! I hit the wall! (Clamping from [x=11.120889, y=5.544445])";"30";"turtlesim3.sim";"1757953820.549351023";"/home/mergen/ros2_ws/src/ros_tutorials/turtlesim/src/turtle.cpp:update:288"
"Oh no! I hit the wall! (Clamping from [x=11.120889, y=5.544445])";"30";"turtlesim2.sim";"1757953820.541922712";"/home/mergen/ros2_ws/src/ros_tutorials/turtlesim/src/turtle.cpp:update:288"
"Oh no! I hit the wall! (Clamping from [x=11.120889, y=5.544445])";"30";"turtlesim1.sim";"1757953820.539203722";"/home/mergen/ros2_ws/src/ros_tutorials/turtlesim/src/turtle.cpp:update:288"
"Oh no! I hit the wall! (Clamping from [x=11.120889, y=5.544445])";"30";"turtlesim3.sim";"1757953820.532900487";"/home/mergen/ros2_ws/src/ros_tutorials/turtlesim/src/turtle.cpp:update:288"
"Oh no! I hit the wall! (Clamping from [x=11.120889, y=5.544445])";"30";"turtlesim1.sim";"1757953820.524272022";"/home/mergen/ros2_ws/src/ros_tutorials/turtlesim/src/turtle.cpp:update:288"
"Oh no! I hit the wall! (Clamping from [x=11.120889, y=5.544445])";"30";"turtlesim2.sim";"1757953820.461688076";"/home/mergen/ros2_ws/src/ros_tutorials/turtlesim/src/turtle.cpp:update:288"
"Oh no! I hit the wall! (Clamping from [x=11.120889, y=5.544445])";"30";"turtlesim1.sim";"1757953820.460083032";"/home/mergen/ros2_ws/src/ros_tutorials/turtlesim/src/turtle.cpp:update:288"
"Oh no! I hit the wall! (Clamping from [x=11.120889, y=5.544445])";"30";"turtlesim3.sim";"1757953820.453209369";"/home/mergen/ros2_ws/src/ros_tutorials/turtlesim/src/turtle.cpp:update:288"
"Oh no! I hit the wall! (Clamping from [x=11.120889, y=5.544445])";"30";"turtlesim2.sim";"1757953820.446206647";"/home/mergen/ros2_ws/src/ros_tutorials/turtlesim/src/turtle.cpp:update:288"
"Oh no! I hit the wall! (Clamping from [x=11.120889, y=5.544445])";"30";"turtlesim2.sim";"1757953820.414001898";"/home/mergen/ros2_ws/src/ros_tutorials/turtlesim/src/turtle.cpp:update:288"
"Oh no! I hit the wall! (Clamping from [x=11.120889, y=5.544445])";"30";"turtlesim2.sim";"1757953820.318422742";"/home/mergen/ros2_ws/src/ros_tutorials/turtlesim/src/turtle.cpp:update:288"
"Oh no! I hit the wall! (Clamping from [x=11.120889, y=5.544445])";"30";"turtlesim1.sim";"1757953820.315512903";"/home/mergen/ros2_ws/src/ros_tutorials/turtlesim/src/turtle.cpp:update:288"
"Oh no! I hit the wall! (Clamping from [x=11.120889, y=5.544445])";"30";"turtlesim3.sim";"1757953820.309201936";"/home/mergen/ros2_ws/src/ros_tutorials/turtlesim/src/turtle.cpp:update:288"
"Oh no! I hit the wall! (Clamping from [x=11.120889, y=5.544445])";"30";"turtlesim2.sim";"1757953820.302703055";"/home/mergen/ros2_ws/src/ros_tutorials/turtlesim/src/turtle.cpp:update:288"
"Oh no! I hit the wall! (Clamping from [x=11.120889, y=5.544445])";"30";"turtlesim1.sim";"1757953820.107275041";"/home/mergen/ros2_ws/src/ros_tutorials/turtlesim/src/turtle.cpp:update:288"
"Oh no! I hit the wall! (Clamping from [x=11.120889, y=5.544445])";"30";"turtlesim2.sim";"1757953820.077800211";"/home/mergen/ros2_ws/src/ros_tutorials/turtlesim/src/turtle.cpp:update:288"
"Oh no! I hit the wall! (Clamping from [x=11.120889, y=5.544445])";"30";"turtlesim1.sim";"1757953820.075606911";"/home/mergen/ros2_ws/src/ros_tutorials/turtlesim/src/turtle.cpp:update:288"
"Oh no! I hit the wall! (Clamping from [x=11.120889, y=5.544445])";"30";"turtlesim3.sim";"1757953820.069284222";"/home/mergen/ros2_ws/src/ros_tutorials/turtlesim/src/turtle.cpp:update:288"
"Oh no! I hit the wall! (Clamping from [x=11.120889, y=5.544445])";"30";"turtlesim2.sim";"1757953820.062161796";"/home/mergen/ros2_ws/src/ros_tutorials/turtlesim/src/turtle.cpp:update:288"
"Oh no! I hit the wall! (Clamping from [x=11.120889, y=5.544445])";"30";"turtlesim1.sim";"1757953820.059880236";"/home/mergen/ros2_ws/src/ros_tutorials/turtlesim/src/turtle.cpp:update:288"
"Oh no! I hit the wall! (Clamping from [x=11.120889, y=5.544445])";"30";"turtlesim3.sim";"1757953820.052917669";"/home/mergen/ros2_ws/src/ros_tutorials/turtlesim/src/turtle.cpp:update:288"
"Oh no! I hit the wall! (Clamping from [x=11.120889, y=5.544445])";"30";"turtlesim2.sim";"1757953820.045599773";"/home/mergen/ros2_ws/src/ros_tutorials/turtlesim/src/turtle.cpp:update:288"
"Oh no! I hit the wall! (Clamping from [x=11.120889, y=5.544445])";"30";"turtlesim1.sim";"1757953820.044203210";"/home/mergen/ros2_ws/src/ros_tutorials/turtlesim/src/turtle.cpp:update:288"
"Oh no! I hit the wall! (Clamping from [x=11.120889, y=5.544445])";"30";"turtlesim3.sim";"1757953820.037248992";"/home/mergen/ros2_ws/src/ros_tutorials/turtlesim/src/turtle.cpp:update:288"
"Oh no! I hit the wall! (Clamping from [x=11.120889, y=5.544445])";"30";"turtlesim2.sim";"1757953820.029997391";"/home/mergen/ros2_ws/src/ros_tutorials/turtlesim/src/turtle.cpp:update:288"
"Oh no! I hit the wall! (Clamping from [x=11.120889, y=5.544445])";"30";"turtlesim1.sim";"1757953820.027299142";"/home/mergen/ros2_ws/src/ros_tutorials/turtlesim/src/turtle.cpp:update:288"
"Oh no! I hit the wall! (Clamping from [x=11.120889, y=5.544445])";"30";"turtlesim3.sim";"1757953820.021461006";"/home/mergen/ros2_ws/src/ros_tutorials/turtlesim/src/turtle.cpp:update:288"
"Oh no! I hit the wall! (Clamping from [x=11.120889, y=5.544445])";"30";"turtlesim2.sim";"1757953820.014369555";"/home/mergen/ros2_ws/src/ros_tutorials/turtlesim/src/turtle.cpp:update:288"
"Oh no! I hit the wall! (Clamping from [x=11.120889, y=5.544445])";"30";"turtlesim3.sim";"1757953820.005697708";"/home/mergen/ros2_ws/src/ros_tutorials/turtlesim/src/turtle.cpp:update:288"
"Oh no! I hit the wall! (Clamping from [x=11.120889, y=5.544445])";"30";"turtlesim1.sim";"1757953819.899750193";"/home/mergen/ros2_ws/src/ros_tutorials/turtlesim/src/turtle.cpp:update:288"
"Oh no! I hit the wall! (Clamping from [x=11.120889, y=5.544445])";"30";"turtlesim3.sim";"1757953819.892925791";"/home/mergen/ros2_ws/src/ros_tutorials/turtlesim/src/turtle.cpp:update:288"
"Oh no! I hit the wall! (Clamping from [x=11.120889, y=5.544445])";"30";"turtlesim2.sim";"1757953819.885696679";"/home/mergen/ros2_ws/src/ros_tutorials/turtlesim/src/turtle.cpp:update:288"
"Oh no! I hit the wall! (Clamping from [x=11.112445, y=5.544445])";"30";"turtlesim3.sim";"1757953819.813693016";"/home/mergen/ros2_ws/src/ros_tutorials/turtlesim/src/turtle.cpp:update:288"
"Oh no! I hit the wall! (Clamping from [x=11.112445, y=5.544445])";"30";"turtlesim2.sim";"1757953819.806542918";"/home/mergen/ros2_ws/src/ros_tutorials/turtlesim/src/turtle.cpp:update:288"
"Oh no! I hit the wall! (Clamping from [x=11.120889, y=5.544445])";"30";"turtlesim1.sim";"1757953819.803203355";"/home/mergen/ros2_ws/src/ros_tutorials/turtlesim/src/turtle.cpp:update:288"
"Oh no! I hit the wall! (Clamping from [x=11.120889, y=5.544445])";"30";"turtlesim1.sim";"1757953819.787515707";"/home/mergen/ros2_ws/src/ros_tutorials/turtlesim/src/turtle.cpp:update:288"
"Oh no! I hit the wall! (Clamping from [x=11.112445, y=5.544445])";"30";"turtlesim1.sim";"1757953819.771529103";"/home/mergen/ros2_ws/src/ros_tutorials/turtlesim/src/turtle.cpp:update:288"
"Spawning turtle [turtle1] at x=[5.544445], y=[5.544445], theta=[0.000000]";"20";"turtlesim1.sim";"1757953812.197492915";"/home/mergen/ros2_ws/src/ros_tutorials/turtlesim/src/turtle_frame.cpp:spawnTurtle:248"
"Starting turtlesim with node name /turtlesim1/sim";"20";"turtlesim1.sim";"1757953812.179327878";"/home/mergen/ros2_ws/src/ros_tutorials/turtlesim/src/turtle_frame.cpp:TurtleFrame:147"
"Spawning turtle [turtle1] at x=[5.544445], y=[5.544445], theta=[0.000000]";"20";"turtlesim3.sim";"1757953812.214579479";"/home/mergen/ros2_ws/src/ros_tutorials/turtlesim/src/turtle_frame.cpp:spawnTurtle:248"
"Starting turtlesim with node name /turtlesim3/sim";"20";"turtlesim3.sim";"1757953812.192879282";"/home/mergen/ros2_ws/src/ros_tutorials/turtlesim/src/turtle_frame.cpp:TurtleFrame:147"
"Spawning turtle [turtle1] at x=[5.544445], y=[5.544445], theta=[0.000000]";"20";"turtlesim2.sim";"1757953812.209285672";"/home/mergen/ros2_ws/src/ros_tutorials/turtlesim/src/turtle_frame.cpp:spawnTurtle:248"
"Starting turtlesim with node name /turtlesim2/sim";"20";"turtlesim2.sim";"1757953812.187387382";"/home/mergen/ros2_ws/src/ros_tutorials/turtlesim/src/turtle_frame.cpp:TurtleFrame:147"
"Oh no! I hit the wall! (Clamping from [x=11.120889, y=5.544445])";"30";"turtlesim3.sim";"1757953738.311464251";"/home/mergen/ros2_ws/src/ros_tutorials/turtlesim/src/turtle.cpp:update:288"
"Oh no! I hit the wall! (Clamping from [x=11.120889, y=5.544445])";"30";"turtlesim3.sim";"1757953738.295988223";"/home/mergen/ros2_ws/src/ros_tutorials/turtlesim/src/turtle.cpp:update:288"
"Oh no! I hit the wall! (Clamping from [x=11.120889, y=5.544445])";"30";"turtlesim2.sim";"1757953738.289395696";"/home/mergen/ros2_ws/src/ros_tutorials/turtlesim/src/turtle.cpp:update:288"
"Oh no! I hit the wall! (Clamping from [x=11.120889, y=5.544445])";"30";"turtlesim3.sim";"1757953738.279406385";"/home/mergen/ros2_ws/src/ros_tutorials/turtlesim/src/turtle.cpp:update:288"
"Oh no! I hit the wall! (Clamping from [x=11.120889, y=5.544445])";"30";"turtlesim2.sim";"1757953738.272636746";"/home/mergen/ros2_ws/src/ros_tutorials/turtlesim/src/turtle.cpp:update:288"
"Oh no! I hit the wall! (Clamping from [x=11.120889, y=5.544445])";"30";"turtlesim3.sim";"1757953738.264015474";"/home/mergen/ros2_ws/src/ros_tutorials/turtlesim/src/turtle.cpp:update:288"
"Oh no! I hit the wall! (Clamping from [x=11.120889, y=5.544445])";"30";"turtlesim2.sim";"1757953738.257090715";"/home/mergen/ros2_ws/src/ros_tutorials/turtlesim/src/turtle.cpp:update:288"
"Oh no! I hit the wall! (Clamping from [x=11.120889, y=5.544445])";"30";"turtlesim3.sim";"1757953738.247578166";"/home/mergen/ros2_ws/src/ros_tutorials/turtlesim/src/turtle.cpp:update:288"
"Oh no! I hit the wall! (Clamping from [x=11.120889, y=5.544445])";"30";"turtlesim1.sim";"1757953738.240593623";"/home/mergen/ros2_ws/src/ros_tutorials/turtlesim/src/turtle.cpp:update:288"
"Oh no! I hit the wall! (Clamping from [x=11.120889, y=5.544445])";"30";"turtlesim2.sim";"1757953738.240525432";"/home/mergen/ros2_ws/src/ros_tutorials/turtlesim/src/turtle.cpp:update:288"
"Oh no! I hit the wall! (Clamping from [x=11.120889, y=5.544445])";"30";"turtlesim3.sim";"1757953738.232096476";"/home/mergen/ros2_ws/src/ros_tutorials/turtlesim/src/turtle.cpp:update:288"
"Oh no! I hit the wall! (Clamping from [x=11.120889, y=5.544445])";"30";"turtlesim2.sim";"1757953738.224961657";"/home/mergen/ros2_ws/src/ros_tutorials/turtlesim/src/turtle.cpp:update:288"
"Oh no! I hit the wall! (Clamping from [x=11.120889, y=5.544445])";"30";"turtlesim1.sim";"1757953738.224967216";"/home/mergen/ros2_ws/src/ros_tutorials/turtlesim/src/turtle.cpp:update:288"
"Oh no! I hit the wall! (Clamping from [x=11.120889, y=5.544445])";"30";"turtlesim3.sim";"1757953738.104171178";"/home/mergen/ros2_ws/src/ros_tutorials/turtlesim/src/turtle.cpp:update:288"
"Oh no! I hit the wall! (Clamping from [x=11.120889, y=5.544445])";"30";"turtlesim2.sim";"1757953738.097000418";"/home/mergen/ros2_ws/src/ros_tutorials/turtlesim/src/turtle.cpp:update:288"
"Oh no! I hit the wall! (Clamping from [x=11.120889, y=5.544445])";"30";"turtlesim1.sim";"1757953738.096417618";"/home/mergen/ros2_ws/src/ros_tutorials/turtlesim/src/turtle.cpp:update:288"
"Oh no! I hit the wall! (Clamping from [x=11.120889, y=5.544445])";"30";"turtlesim3.sim";"1757953738.087692607";"/home/mergen/ros2_ws/src/ros_tutorials/turtlesim/src/turtle.cpp:update:288"
"Oh no! I hit the wall! (Clamping from [x=11.120889, y=5.544445])";"30";"turtlesim3.sim";"1757953738.024496609";"/home/mergen/ros2_ws/src/ros_tutorials/turtlesim/src/turtle.cpp:update:288"
"Oh no! I hit the wall! (Clamping from [x=11.120889, y=5.544445])";"30";"turtlesim2.sim";"1757953738.017193252";"/home/mergen/ros2_ws/src/ros_tutorials/turtlesim/src/turtle.cpp:update:288"
"Oh no! I hit the wall! (Clamping from [x=11.120889, y=5.544445])";"30";"turtlesim1.sim";"1757953738.016662642";"/home/mergen/ros2_ws/src/ros_tutorials/turtlesim/src/turtle.cpp:update:288"
"Oh no! I hit the wall! (Clamping from [x=11.120889, y=5.544445])";"30";"turtlesim3.sim";"1757953738.007998168";"/home/mergen/ros2_ws/src/ros_tutorials/turtlesim/src/turtle.cpp:update:288"
"Oh no! I hit the wall! (Clamping from [x=11.120889, y=5.544445])";"30";"turtlesim1.sim";"1757953738.000856514";"/home/mergen/ros2_ws/src/ros_tutorials/turtlesim/src/turtle.cpp:update:288"
"Oh no! I hit the wall! (Clamping from [x=11.120889, y=5.544445])";"30";"turtlesim2.sim";"1757953737.968826978";"/home/mergen/ros2_ws/src/ros_tutorials/turtlesim/src/turtle.cpp:update:288"
"Oh no! I hit the wall! (Clamping from [x=11.120889, y=5.544445])";"30";"turtlesim3.sim";"1757953737.960086551";"/home/mergen/ros2_ws/src/ros_tutorials/turtlesim/src/turtle.cpp:update:288"
"Oh no! I hit the wall! (Clamping from [x=11.120889, y=5.544445])";"30";"turtlesim1.sim";"1757953737.953100073";"/home/mergen/ros2_ws/src/ros_tutorials/turtlesim/src/turtle.cpp:update:288"
"Oh no! I hit the wall! (Clamping from [x=11.120889, y=5.544445])";"30";"turtlesim2.sim";"1757953737.952991432";"/home/mergen/ros2_ws/src/ros_tutorials/turtlesim/src/turtle.cpp:update:288"
"Oh no! I hit the wall! (Clamping from [x=11.120889, y=5.544445])";"30";"turtlesim3.sim";"1757953737.943556597";"/home/mergen/ros2_ws/src/ros_tutorials/turtlesim/src/turtle.cpp:update:288"
"Oh no! I hit the wall! (Clamping from [x=11.120889, y=5.544445])";"30";"turtlesim2.sim";"1757953737.937359614";"/home/mergen/ros2_ws/src/ros_tutorials/turtlesim/src/turtle.cpp:update:288"
"Oh no! I hit the wall! (Clamping from [x=11.120889, y=5.544445])";"30";"turtlesim1.sim";"1757953737.936435571";"/home/mergen/ros2_ws/src/ros_tutorials/turtlesim/src/turtle.cpp:update:288"
"Oh no! I hit the wall! (Clamping from [x=11.120889, y=5.544445])";"30";"turtlesim3.sim";"1757953737.927974626";"/home/mergen/ros2_ws/src/ros_tutorials/turtlesim/src/turtle.cpp:update:288"
"Oh no! I hit the wall! (Clamping from [x=11.120889, y=5.544445])";"30";"turtlesim2.sim";"1757953737.920601370";"/home/mergen/ros2_ws/src/ros_tutorials/turtlesim/src/turtle.cpp:update:288"
"Oh no! I hit the wall! (Clamping from [x=11.120889, y=5.544445])";"30";"turtlesim1.sim";"1757953737.920464675";"/home/mergen/ros2_ws/src/ros_tutorials/turtlesim/src/turtle.cpp:update:288"
"Oh no! I hit the wall! (Clamping from [x=11.120889, y=5.544445])";"30";"turtlesim3.sim";"1757953737.912218982";"/home/mergen/ros2_ws/src/ros_tutorials/turtlesim/src/turtle.cpp:update:288"
"Oh no! I hit the wall! (Clamping from [x=11.120889, y=5.544445])";"30";"turtlesim2.sim";"1757953737.905012380";"/home/mergen/ros2_ws/src/ros_tutorials/turtlesim/src/turtle.cpp:update:288"
"Oh no! I hit the wall! (Clamping from [x=11.120889, y=5.544445])";"30";"turtlesim1.sim";"1757953737.904451749";"/home/mergen/ros2_ws/src/ros_tutorials/turtlesim/src/turtle.cpp:update:288"
"Oh no! I hit the wall! (Clamping from [x=11.120889, y=5.544445])";"30";"turtlesim3.sim";"1757953737.895569926";"/home/mergen/ros2_ws/src/ros_tutorials/turtlesim/src/turtle.cpp:update:288"
"Oh no! I hit the wall! (Clamping from [x=11.120889, y=5.544445])";"30";"turtlesim2.sim";"1757953737.889454224";"/home/mergen/ros2_ws/src/ros_tutorials/turtlesim/src/turtle.cpp:update:288"
"Oh no! I hit the wall! (Clamping from [x=11.120889, y=5.544445])";"30";"turtlesim1.sim";"1757953737.888601974";"/home/mergen/ros2_ws/src/ros_tutorials/turtlesim/src/turtle.cpp:update:288"
"Oh no! I hit the wall! (Clamping from [x=11.120889, y=5.544445])";"30";"turtlesim3.sim";"1757953737.880130657";"/home/mergen/ros2_ws/src/ros_tutorials/turtlesim/src/turtle.cpp:update:288"
"Oh no! I hit the wall! (Clamping from [x=11.120889, y=5.544445])";"30";"turtlesim1.sim";"1757953737.872932013";"/home/mergen/ros2_ws/src/ros_tutorials/turtlesim/src/turtle.cpp:update:288"
"Oh no! I hit the wall! (Clamping from [x=11.120889, y=5.544445])";"30";"turtlesim3.sim";"1757953737.848069626";"/home/mergen/ros2_ws/src/ros_tutorials/turtlesim/src/turtle.cpp:update:288"
"Oh no! I hit the wall! (Clamping from [x=11.120889, y=5.544445])";"30";"turtlesim3.sim";"1757953737.831536135";"/home/mergen/ros2_ws/src/ros_tutorials/turtlesim/src/turtle.cpp:update:288"
"Oh no! I hit the wall! (Clamping from [x=11.120889, y=5.544445])";"30";"turtlesim2.sim";"1757953737.825410022";"/home/mergen/ros2_ws/src/ros_tutorials/turtlesim/src/turtle.cpp:update:288"
"Oh no! I hit the wall! (Clamping from [x=11.120889, y=5.544445])";"30";"turtlesim1.sim";"1757953737.825031717";"/home/mergen/ros2_ws/src/ros_tutorials/turtlesim/src/turtle.cpp:update:288"
"Oh no! I hit the wall! (Clamping from [x=11.120889, y=5.544445])";"30";"turtlesim3.sim";"1757953737.815844817";"/home/mergen/ros2_ws/src/ros_tutorials/turtlesim/src/turtle.cpp:update:288"
"Oh no! I hit the wall! (Clamping from [x=11.120889, y=5.544445])";"30";"turtlesim3.sim";"1757953737.800278230";"/home/mergen/ros2_ws/src/ros_tutorials/turtlesim/src/turtle.cpp:update:288"
"Oh no! I hit the wall! (Clamping from [x=11.120889, y=5.544445])";"30";"turtlesim2.sim";"1757953737.792905618";"/home/mergen/ros2_ws/src/ros_tutorials/turtlesim/src/turtle.cpp:update:288"
"Oh no! I hit the wall! (Clamping from [x=11.120889, y=5.544445])";"30";"turtlesim1.sim";"1757953737.792393008";"/home/mergen/ros2_ws/src/ros_tutorials/turtlesim/src/turtle.cpp:update:288"
"Oh no! I hit the wall! (Clamping from [x=11.120889, y=5.544445])";"30";"turtlesim3.sim";"1757953737.784478465";"/home/mergen/ros2_ws/src/ros_tutorials/turtlesim/src/turtle.cpp:update:288"
"Oh no! I hit the wall! (Clamping from [x=11.120889, y=5.544445])";"30";"turtlesim2.sim";"1757953737.776965708";"/home/mergen/ros2_ws/src/ros_tutorials/turtlesim/src/turtle.cpp:update:288"
"Oh no! I hit the wall! (Clamping from [x=11.120889, y=5.544445])";"30";"turtlesim3.sim";"1757953737.752362659";"/home/mergen/ros2_ws/src/ros_tutorials/turtlesim/src/turtle.cpp:update:288"
"Oh no! I hit the wall! (Clamping from [x=11.120889, y=5.544445])";"30";"turtlesim1.sim";"1757953737.729144790";"/home/mergen/ros2_ws/src/ros_tutorials/turtlesim/src/turtle.cpp:update:288"
"Oh no! I hit the wall! (Clamping from [x=11.120889, y=5.544445])";"30";"turtlesim3.sim";"1757953737.719599920";"/home/mergen/ros2_ws/src/ros_tutorials/turtlesim/src/turtle.cpp:update:288"
"Oh no! I hit the wall! (Clamping from [x=11.120889, y=5.544445])";"30";"turtlesim2.sim";"1757953737.713384358";"/home/mergen/ros2_ws/src/ros_tutorials/turtlesim/src/turtle.cpp:update:288"
"Oh no! I hit the wall! (Clamping from [x=11.120889, y=5.544445])";"30";"turtlesim1.sim";"1757953737.712491600";"/home/mergen/ros2_ws/src/ros_tutorials/turtlesim/src/turtle.cpp:update:288"
"Oh no! I hit the wall! (Clamping from [x=11.120889, y=5.544445])";"30";"turtlesim3.sim";"1757953737.703973803";"/home/mergen/ros2_ws/src/ros_tutorials/turtlesim/src/turtle.cpp:update:288"
"Oh no! I hit the wall! (Clamping from [x=11.120889, y=5.544445])";"30";"turtlesim2.sim";"1757953737.617410712";"/home/mergen/ros2_ws/src/ros_tutorials/turtlesim/src/turtle.cpp:update:288"
"Oh no! I hit the wall! (Clamping from [x=11.120889, y=5.544445])";"30";"turtlesim1.sim";"1757953737.617166841";"/home/mergen/ros2_ws/src/ros_tutorials/turtlesim/src/turtle.cpp:update:288"
"Oh no! I hit the wall! (Clamping from [x=11.120889, y=5.544445])";"30";"turtlesim3.sim";"1757953737.608441313";"/home/mergen/ros2_ws/src/ros_tutorials/turtlesim/src/turtle.cpp:update:288"
"Oh no! I hit the wall! (Clamping from [x=11.120889, y=5.544445])";"30";"turtlesim1.sim";"1757953737.601114341";"/home/mergen/ros2_ws/src/ros_tutorials/turtlesim/src/turtle.cpp:update:288"
"Oh no! I hit the wall! (Clamping from [x=11.120889, y=5.544445])";"30";"turtlesim1.sim";"1757953737.521209622";"/home/mergen/ros2_ws/src/ros_tutorials/turtlesim/src/turtle.cpp:update:288"
"Oh no! I hit the wall! (Clamping from [x=11.120889, y=5.544445])";"30";"turtlesim2.sim";"1757953737.520669738";"/home/mergen/ros2_ws/src/ros_tutorials/turtlesim/src/turtle.cpp:update:288"
"Oh no! I hit the wall! (Clamping from [x=11.120889, y=5.544445])";"30";"turtlesim3.sim";"1757953737.512181526";"/home/mergen/ros2_ws/src/ros_tutorials/turtlesim/src/turtle.cpp:update:288"
"Oh no! I hit the wall! (Clamping from [x=11.120889, y=5.544445])";"30";"turtlesim2.sim";"1757953737.504971098";"/home/mergen/ros2_ws/src/ros_tutorials/turtlesim/src/turtle.cpp:update:288"
"Oh no! I hit the wall! (Clamping from [x=11.120889, y=5.544445])";"30";"turtlesim2.sim";"1757953737.425261277";"/home/mergen/ros2_ws/src/ros_tutorials/turtlesim/src/turtle.cpp:update:288"
"Oh no! I hit the wall! (Clamping from [x=11.120889, y=5.544445])";"30";"turtlesim1.sim";"1757953737.424591625";"/home/mergen/ros2_ws/src/ros_tutorials/turtlesim/src/turtle.cpp:update:288"
"Oh no! I hit the wall! (Clamping from [x=11.120889, y=5.544445])";"30";"turtlesim3.sim";"1757953737.416074144";"/home/mergen/ros2_ws/src/ros_tutorials/turtlesim/src/turtle.cpp:update:288"
"Oh no! I hit the wall! (Clamping from [x=11.120889, y=5.544445])";"30";"turtlesim1.sim";"1757953737.296301145";"/home/mergen/ros2_ws/src/ros_tutorials/turtlesim/src/turtle.cpp:update:288"
"Oh no! I hit the wall! (Clamping from [x=11.120889, y=5.544445])";"30";"turtlesim3.sim";"1757953737.287719601";"/home/mergen/ros2_ws/src/ros_tutorials/turtlesim/src/turtle.cpp:update:288"
"Oh no! I hit the wall! (Clamping from [x=11.120889, y=5.544445])";"30";"turtlesim1.sim";"1757953737.280643326";"/home/mergen/ros2_ws/src/ros_tutorials/turtlesim/src/turtle.cpp:update:288"
"Oh no! I hit the wall! (Clamping from [x=11.120889, y=5.544445])";"30";"turtlesim3.sim";"1757953737.272252787";"/home/mergen/ros2_ws/src/ros_tutorials/turtlesim/src/turtle.cpp:update:288"
"Oh no! I hit the wall! (Clamping from [x=11.120889, y=5.544445])";"30";"turtlesim1.sim";"1757953737.264858675";"/home/mergen/ros2_ws/src/ros_tutorials/turtlesim/src/turtle.cpp:update:288"
"Oh no! I hit the wall! (Clamping from [x=11.120889, y=5.544445])";"30";"turtlesim2.sim";"1757953737.264555286";"/home/mergen/ros2_ws/src/ros_tutorials/turtlesim/src/turtle.cpp:update:288"
"Oh no! I hit the wall! (Clamping from [x=11.120889, y=5.544445])";"30";"turtlesim3.sim";"1757953737.255792029";"/home/mergen/ros2_ws/src/ros_tutorials/turtlesim/src/turtle.cpp:update:288"
"Oh no! I hit the wall! (Clamping from [x=11.120889, y=5.544445])";"30";"turtlesim2.sim";"1757953737.248983809";"/home/mergen/ros2_ws/src/ros_tutorials/turtlesim/src/turtle.cpp:update:288"
"Oh no! I hit the wall! (Clamping from [x=11.120889, y=5.544445])";"30";"turtlesim1.sim";"1757953737.248933346";"/home/mergen/ros2_ws/src/ros_tutorials/turtlesim/src/turtle.cpp:update:288"
"Oh no! I hit the wall! (Clamping from [x=11.120889, y=5.544445])";"30";"turtlesim3.sim";"1757953737.240335578";"/home/mergen/ros2_ws/src/ros_tutorials/turtlesim/src/turtle.cpp:update:288"
"Oh no! I hit the wall! (Clamping from [x=11.120889, y=5.544445])";"30";"turtlesim1.sim";"1757953737.233182437";"/home/mergen/ros2_ws/src/ros_tutorials/turtlesim/src/turtle.cpp:update:288"
"Oh no! I hit the wall! (Clamping from [x=11.120889, y=5.544445])";"30";"turtlesim2.sim";"1757953737.232486432";"/home/mergen/ros2_ws/src/ros_tutorials/turtlesim/src/turtle.cpp:update:288"
"Oh no! I hit the wall! (Clamping from [x=11.120889, y=5.544445])";"30";"turtlesim3.sim";"1757953737.223903164";"/home/mergen/ros2_ws/src/ros_tutorials/turtlesim/src/turtle.cpp:update:288"
"Oh no! I hit the wall! (Clamping from [x=11.120889, y=5.544445])";"30";"turtlesim2.sim";"1757953737.216716033";"/home/mergen/ros2_ws/src/ros_tutorials/turtlesim/src/turtle.cpp:update:288"
"Oh no! I hit the wall! (Clamping from [x=11.120889, y=5.544445])";"30";"turtlesim2.sim";"1757953737.201092585";"/home/mergen/ros2_ws/src/ros_tutorials/turtlesim/src/turtle.cpp:update:288"
"Oh no! I hit the wall! (Clamping from [x=11.120889, y=5.544445])";"30";"turtlesim1.sim";"1757953737.200624113";"/home/mergen/ros2_ws/src/ros_tutorials/turtlesim/src/turtle.cpp:update:288"
"Oh no! I hit the wall! (Clamping from [x=11.120889, y=5.544445])";"30";"turtlesim3.sim";"1757953737.191668470";"/home/mergen/ros2_ws/src/ros_tutorials/turtlesim/src/turtle.cpp:update:288"
"Oh no! I hit the wall! (Clamping from [x=11.120889, y=5.544445])";"30";"turtlesim2.sim";"1757953737.185248628";"/home/mergen/ros2_ws/src/ros_tutorials/turtlesim/src/turtle.cpp:update:288"
"Oh no! I hit the wall! (Clamping from [x=11.120889, y=5.544445])";"30";"turtlesim2.sim";"1757953737.121045686";"/home/mergen/ros2_ws/src/ros_tutorials/turtlesim/src/turtle.cpp:update:288"
"Oh no! I hit the wall! (Clamping from [x=11.120889, y=5.544445])";"30";"turtlesim1.sim";"1757953737.120694174";"/home/mergen/ros2_ws/src/ros_tutorials/turtlesim/src/turtle.cpp:update:288"
"Oh no! I hit the wall! (Clamping from [x=11.120889, y=5.544445])";"30";"turtlesim3.sim";"1757953737.112380501";"/home/mergen/ros2_ws/src/ros_tutorials/turtlesim/src/turtle.cpp:update:288"
"Oh no! I hit the wall! (Clamping from [x=11.120889, y=5.544445])";"30";"turtlesim2.sim";"1757953737.105192719";"/home/mergen/ros2_ws/src/ros_tutorials/turtlesim/src/turtle.cpp:update:288"
"Oh no! I hit the wall! (Clamping from [x=11.120889, y=5.544445])";"30";"turtlesim1.sim";"1757953737.104699109";"/home/mergen/ros2_ws/src/ros_tutorials/turtlesim/src/turtle.cpp:update:288"
"Oh no! I hit the wall! (Clamping from [x=11.120889, y=5.544445])";"30";"turtlesim3.sim";"1757953737.096497323";"/home/mergen/ros2_ws/src/ros_tutorials/turtlesim/src/turtle.cpp:update:288"
"Oh no! I hit the wall! (Clamping from [x=11.120889, y=5.544445])";"30";"turtlesim1.sim";"1757953737.088929797";"/home/mergen/ros2_ws/src/ros_tutorials/turtlesim/src/turtle.cpp:update:288"
"Oh no! I hit the wall! (Clamping from [x=11.120889, y=5.544445])";"30";"turtlesim2.sim";"1757953737.088514447";"/home/mergen/ros2_ws/src/ros_tutorials/turtlesim/src/turtle.cpp:update:288"
"Oh no! I hit the wall! (Clamping from [x=11.120889, y=5.544445])";"30";"turtlesim3.sim";"1757953737.079970026";"/home/mergen/ros2_ws/src/ros_tutorials/turtlesim/src/turtle.cpp:update:288"
"Oh no! I hit the wall! (Clamping from [x=11.120889, y=5.544445])";"30";"turtlesim2.sim";"1757953737.073048198";"/home/mergen/ros2_ws/src/ros_tutorials/turtlesim/src/turtle.cpp:update:288"
"Oh no! I hit the wall! (Clamping from [x=11.120889, y=5.544445])";"30";"turtlesim3.sim";"1757953737.064405582";"/home/mergen/ros2_ws/src/ros_tutorials/turtlesim/src/turtle.cpp:update:288"
"Oh no! I hit the wall! (Clamping from [x=11.120889, y=5.544445])";"30";"turtlesim2.sim";"1757953737.057275313";"/home/mergen/ros2_ws/src/ros_tutorials/turtlesim/src/turtle.cpp:update:288"
"Oh no! I hit the wall! (Clamping from [x=11.120889, y=5.544445])";"30";"turtlesim1.sim";"1757953737.057317289";"/home/mergen/ros2_ws/src/ros_tutorials/turtlesim/src/turtle.cpp:update:288"
"Oh no! I hit the wall! (Clamping from [x=11.120889, y=5.544445])";"30";"turtlesim3.sim";"1757953737.047771456";"/home/mergen/ros2_ws/src/ros_tutorials/turtlesim/src/turtle.cpp:update:288"
"Oh no! I hit the wall! (Clamping from [x=11.120889, y=5.544445])";"30";"turtlesim1.sim";"1757953737.040620742";"/home/mergen/ros2_ws/src/ros_tutorials/turtlesim/src/turtle.cpp:update:288"
"Oh no! I hit the wall! (Clamping from [x=11.120889, y=5.544445])";"30";"turtlesim2.sim";"1757953737.040620728";"/home/mergen/ros2_ws/src/ros_tutorials/turtlesim/src/turtle.cpp:update:288"
"Oh no! I hit the wall! (Clamping from [x=11.120889, y=5.544445])";"30";"turtlesim3.sim";"1757953737.032047853";"/home/mergen/ros2_ws/src/ros_tutorials/turtlesim/src/turtle.cpp:update:288"
"Oh no! I hit the wall! (Clamping from [x=11.120889, y=5.544445])";"30";"turtlesim2.sim";"1757953736.993402899";"/home/mergen/ros2_ws/src/ros_tutorials/turtlesim/src/turtle.cpp:update:288"
"Oh no! I hit the wall! (Clamping from [x=11.120889, y=5.544445])";"30";"turtlesim1.sim";"1757953736.993355836";"/home/mergen/ros2_ws/src/ros_tutorials/turtlesim/src/turtle.cpp:update:288"
"Oh no! I hit the wall! (Clamping from [x=11.120889, y=5.544445])";"30";"turtlesim3.sim";"1757953736.984172996";"/home/mergen/ros2_ws/src/ros_tutorials/turtlesim/src/turtle.cpp:update:288"
"Oh no! I hit the wall! (Clamping from [x=11.120889, y=5.544445])";"30";"turtlesim2.sim";"1757953736.913078743";"/home/mergen/ros2_ws/src/ros_tutorials/turtlesim/src/turtle.cpp:update:288"
"Oh no! I hit the wall! (Clamping from [x=11.120889, y=5.544445])";"30";"turtlesim1.sim";"1757953736.912667480";"/home/mergen/ros2_ws/src/ros_tutorials/turtlesim/src/turtle.cpp:update:288"
"Oh no! I hit the wall! (Clamping from [x=11.120889, y=5.544445])";"30";"turtlesim3.sim";"1757953736.904269139";"/home/mergen/ros2_ws/src/ros_tutorials/turtlesim/src/turtle.cpp:update:288"
"Oh no! I hit the wall! (Clamping from [x=11.120889, y=5.544445])";"30";"turtlesim2.sim";"1757953736.897287821";"/home/mergen/ros2_ws/src/ros_tutorials/turtlesim/src/turtle.cpp:update:288"
"Oh no! I hit the wall! (Clamping from [x=11.120889, y=5.544445])";"30";"turtlesim3.sim";"1757953736.872057279";"/home/mergen/ros2_ws/src/ros_tutorials/turtlesim/src/turtle.cpp:update:288"
"Oh no! I hit the wall! (Clamping from [x=11.120889, y=5.544445])";"30";"turtlesim1.sim";"1757953736.864791627";"/home/mergen/ros2_ws/src/ros_tutorials/turtlesim/src/turtle.cpp:update:288"
"Oh no! I hit the wall! (Clamping from [x=11.120889, y=5.544445])";"30";"turtlesim2.sim";"1757953736.864705280";"/home/mergen/ros2_ws/src/ros_tutorials/turtlesim/src/turtle.cpp:update:288"
"Oh no! I hit the wall! (Clamping from [x=11.120889, y=5.544445])";"30";"turtlesim3.sim";"1757953736.856271504";"/home/mergen/ros2_ws/src/ros_tutorials/turtlesim/src/turtle.cpp:update:288"
"Oh no! I hit the wall! (Clamping from [x=11.120889, y=5.544445])";"30";"turtlesim1.sim";"1757953736.849199243";"/home/mergen/ros2_ws/src/ros_tutorials/turtlesim/src/turtle.cpp:update:288"
"Oh no! I hit the wall! (Clamping from [x=11.120889, y=5.544445])";"30";"turtlesim2.sim";"1757953736.848982228";"/home/mergen/ros2_ws/src/ros_tutorials/turtlesim/src/turtle.cpp:update:288"
"Oh no! I hit the wall! (Clamping from [x=11.120889, y=5.544445])";"30";"turtlesim3.sim";"1757953736.840134771";"/home/mergen/ros2_ws/src/ros_tutorials/turtlesim/src/turtle.cpp:update:288"
"Oh no! I hit the wall! (Clamping from [x=11.120889, y=5.544445])";"30";"turtlesim1.sim";"1757953736.833645206";"/home/mergen/ros2_ws/src/ros_tutorials/turtlesim/src/turtle.cpp:update:288"
"Oh no! I hit the wall! (Clamping from [x=11.120889, y=5.544445])";"30";"turtlesim2.sim";"1757953736.832943733";"/home/mergen/ros2_ws/src/ros_tutorials/turtlesim/src/turtle.cpp:update:288"
"Oh no! I hit the wall! (Clamping from [x=11.120889, y=5.544445])";"30";"turtlesim3.sim";"1757953736.824220889";"/home/mergen/ros2_ws/src/ros_tutorials/turtlesim/src/turtle.cpp:update:288"
"Oh no! I hit the wall! (Clamping from [x=11.120889, y=5.544445])";"30";"turtlesim2.sim";"1757953736.817240961";"/home/mergen/ros2_ws/src/ros_tutorials/turtlesim/src/turtle.cpp:update:288"
"Oh no! I hit the wall! (Clamping from [x=11.120889, y=5.544445])";"30";"turtlesim1.sim";"1757953736.817150114";"/home/mergen/ros2_ws/src/ros_tutorials/turtlesim/src/turtle.cpp:update:288"
"Oh no! I hit the wall! (Clamping from [x=11.120889, y=5.544445])";"30";"turtlesim3.sim";"1757953736.807575222";"/home/mergen/ros2_ws/src/ros_tutorials/turtlesim/src/turtle.cpp:update:288"
"Oh no! I hit the wall! (Clamping from [x=11.120889, y=5.544445])";"30";"turtlesim1.sim";"1757953736.801198352";"/home/mergen/ros2_ws/src/ros_tutorials/turtlesim/src/turtle.cpp:update:288"
"Oh no! I hit the wall! (Clamping from [x=11.120889, y=5.544445])";"30";"turtlesim2.sim";"1757953736.800740131";"/home/mergen/ros2_ws/src/ros_tutorials/turtlesim/src/turtle.cpp:update:288"
"Oh no! I hit the wall! (Clamping from [x=11.120889, y=5.544445])";"30";"turtlesim1.sim";"1757953736.785270423";"/home/mergen/ros2_ws/src/ros_tutorials/turtlesim/src/turtle.cpp:update:288"
"Oh no! I hit the wall! (Clamping from [x=11.120889, y=5.544445])";"30";"turtlesim2.sim";"1757953736.785046473";"/home/mergen/ros2_ws/src/ros_tutorials/turtlesim/src/turtle.cpp:update:288"
"Oh no! I hit the wall! (Clamping from [x=11.120889, y=5.544445])";"30";"turtlesim1.sim";"1757953736.768998134";"/home/mergen/ros2_ws/src/ros_tutorials/turtlesim/src/turtle.cpp:update:288"
"Oh no! I hit the wall! (Clamping from [x=11.120889, y=5.544445])";"30";"turtlesim1.sim";"1757953736.753341070";"/home/mergen/ros2_ws/src/ros_tutorials/turtlesim/src/turtle.cpp:update:288"
"Oh no! I hit the wall! (Clamping from [x=11.120889, y=5.544445])";"30";"turtlesim1.sim";"1757953736.737306799";"/home/mergen/ros2_ws/src/ros_tutorials/turtlesim/src/turtle.cpp:update:288"
